Broker,Asset Class,Stock name,ISIN,Quantity,Buy date,Buy price,Sell date,Sell price,Realised P&L,Current price (CMP),Remark,FMV 31-Jan-2018
Zerodha,Equity,RELIANCE INDUSTRIES,INE002A01018,100,2024-05-15,2400.0,2024-10-20,2900.0,50000.0,,Delivery STCG (Sec 111A),
Zerodha,Equity,INFOSYS LIMITED,INE009A01021,150,2023-01-10,1400.0,2024-11-15,1900.0,75000.0,,Delivery LTCG (Sec 112A),
Zerodha,Equity,LARSEN & TOUBRO,INE018A01030,100,2016-08-15,900.0,2024-10-05,3600.0,270000.0,,Grandfathered LTCG (Sec 112A),1450.0
Groww,Equity,TATA MOTORS LTD,INE155A01022,200,2024-06-10,950.0,2024-12-15,820.0,-26000.0,,Delivery STCL (Sec 70 Offset),
Groww,Equity,ICICI BANK LTD,INE090A01021,200,2022-02-05,720.0,2024-08-10,1200.0,96000.0,,Delivery LTCG (Sec 112A),
Groww,Equity,WIPRO LIMITED,INE075A01022,300,2021-04-12,550.0,2024-09-01,470.0,-24000.0,,Delivery LTCL (Sec 70 Offset),
Groww,Equity,STATE BANK OF INDIA,INE062A01020,500,2024-07-12,840.0,2024-07-12,855.0,7500.0,,Intraday trade (Sec 73),
CoinDCX,Crypto/VDA,BITCOIN (BTC/INR),CRYPTO_BTC,0.05,2024-05-10,5500000.0,2024-11-15,7200000.0,85000.0,,Crypto VDA Gain (Sec 115BBH),
CoinDCX,Crypto/VDA,ETHEREUM (ETH/INR),CRYPTO_ETH,1.0,2024-07-20,280000.0,2024-08-25,220000.0,-60000.0,,Crypto VDA Loss (No Setoff Sec 115BBH),
CoinDCX,Crypto/VDA,SOLANA (SOL/INR),CRYPTO_SOL,10.0,2024-09-01,11000.0,2024-12-10,18000.0,70000.0,,Crypto VDA Gain (Sec 115BBH),
Groww,Equity,HDFC BANK LTD,INE040A01034,150,2026-06-29,1680.0,,,,1420.0,Holding: Unrealized STCL -39000,
Zerodha,Equity,BHARTI AIRTEL,INE397D01024,100,2026-08-08,1550.0,,,,1350.0,Holding: Unrealized STCL -20000,
Groww,Equity,TITAN COMPANY LTD,INE280A01028,50,2025-05-25,2600.0,,,,3500.0,Holding: Unrealized LTCG +45000,
Zerodha,Equity,ASIAN PAINTS LTD,INE021A01026,40,2025-07-14,2700.0,,,,3150.0,Holding: Unrealized LTCG +18000,
