Broker,Record Type,Stock name,ISIN,Quantity,Buy date,Buy price,Sell date,Sell price,Realised P&L,Current price (CMP),Remark,FMV 31-Jan-2018
Zerodha,Realized Trade,RELIANCE INDUSTRIES,INE002A01018,100,2024-05-15,2400.0,2024-10-20,2900.0,50000.0,,Delivery STCG,
Zerodha,Realized Trade,INFOSYS LIMITED,INE009A01021,150,2023-01-10,1400.0,2024-11-15,1900.0,75000.0,,Delivery LTCG,
Zerodha,Realized Trade,LARSEN & TOUBRO,INE018A01030,100,2016-08-15,900.0,2024-10-05,3600.0,270000.0,,Delivery LTCG Pre-2018,1450.0
Groww,Realized Trade,TATA MOTORS LTD,INE155A01022,200,2024-06-10,950.0,2024-12-15,820.0,-26000.0,,Delivery STCL,
Groww,Realized Trade,ICICI BANK LTD,INE090A01021,200,2022-02-05,720.0,2024-08-10,1200.0,96000.0,,Delivery LTCG,
Groww,Realized Trade,WIPRO LIMITED,INE075A01022,300,2021-04-12,550.0,2024-09-01,470.0,-24000.0,,Delivery LTCL,
Groww,Realized Trade,STATE BANK OF INDIA,INE062A01020,500,2024-07-12,840.0,2024-07-12,855.0,7500.0,,Intraday trade,
Groww,Open Holding,HDFC BANK LTD,INE040A01034,150,2026-06-29,1680.0,,,,1420.0,Unrealized STCL -39000,
Zerodha,Open Holding,BHARTI AIRTEL,INE397D01024,100,2026-08-08,1550.0,,,,1350.0,Unrealized STCL -20000,
Groww,Open Holding,TITAN COMPANY LTD,INE280A01028,50,2025-05-25,2600.0,,,,3500.0,Unrealized LTCG +45000,
Zerodha,Open Holding,ASIAN PAINTS LTD,INE021A01026,40,2025-07-14,2700.0,,,,3150.0,Unrealized LTCG +18000,
